,White alone,Black or African American alone,Num of Abandoned Houses,count
Cluster 1,0.1791,0.69981,1.46154,39
Cluster 2,0.72655,0.12609,0.0,130
Cluster 3,0.1595,0.66976,2.5,4
Cluster 4,0.07382,0.81015,3.66667,12
Cluster 5,0.42842,0.36081,0.13208,53
