,White alone,Black or African American alone,Num of Abandoned Houses,count
Cluster 1,768.99107,155.79464,0.01786,112
Cluster 2,227.65625,590.0,1.28125,32
Cluster 3,373.92157,492.78431,0.54902,51
Cluster 4,1309.23333,233.5,0.0,30
Cluster 5,79.46154,589.84615,3.61538,13
